use drvolte;


insert into doctor (id, dob, hospital_address, hospital_name, name, profile_photo, qualification, specialization, email, languagues, status) values(1, '1999-01-22', '16/6, Millers Rd, Kaverappa Layout, Vasanth Nagar, Bengaluru, Karnataka 560052', 'KMC', 'Dr. Hemant Kumar', '../src/pages/assets/images/doctor-1.png', 'MD', 'Dermatologist', 'Hemant.Kumar@kmc.co.in', '["Hindi", "English", "Konkani"]', "enabled");
insert into doctor (id, dob, hospital_address, hospital_name, name, profile_photo, qualification, specialization, email, languagues, status) values(2, '1995-12-31', 'Survey no 45/2, ward. 150, Marathahalli - Sarjapur Rd, opposite Iblur, Ambalipura, Bellandur, Bengaluru, Karnataka 560102', 'Columbia Asia', 'Dr. Gururaj Otageri', 'https://encrypted-tbn0.gstatic.com/images?q=tbn:ANd9GcQ_v4Yv8p9wFgOBre0NMW93paKEEMZO8tG2chNlJQqnhA&s', 'MBBS', 'Cardiologist', 'Gururaj.Otageri@columasia.co.in', '["Hindi", "English", "Kannada"]', "enabled");
insert into doctor (id, dob, hospital_address, hospital_name, name, profile_photo, qualification, specialization, email, languagues, status) values(3, '2000-10-31', 'x-700, crazy street, near mining office, purena, amlidhi, Raipur, Chhattisgarh 492001', 'Columbia Asia', 'Dr. Somesh Awasthi', '../src/pages/assets/images/doctor-3.png', 'MD', 'Neurologist', 'Somesh.Awasthi@columasia.co.in', '["Hindi", "English", "Sanskrit"]', "enabled");
insert into doctor (id, dob, hospital_address, hospital_name, name, profile_photo, qualification, specialization, email, languagues, status) values(4, '2001-05-01', '16/6, Millers Rd, Kaverappa Layout, Vasanth Nagar, Bengaluru, Karnataka 560052', 'KMC', 'Dr. Karndevsinh Zala', '../src/pages/assets/images/doctor-3.png', 'MBBS', 'Mental Orthopedics', 'Karn.Zala@columasia.co.in', '["Hindi", "English", "Gujarati"]', "enabled");
insert into doctor (id, dob, hospital_address, hospital_name, name, profile_photo, qualification, specialization, email, languagues, status) values(5, '1994-06-16', '16/6, Millers Rd, Kaverappa Layout, Vasanth Nagar, Bengaluru, Karnataka 560052', 'KMC', 'Varun Shetty', '../src/pages/assets/images/doctor-3.png', 'MD', 'Neurology', 'Varun.Shetty@columasia.co.in', '["Hindi", "English", "Tulu"]', "enabled");
insert into doctor (id, dob, hospital_address, hospital_name, name, profile_photo, qualification, specialization, email, languagues, status) values(6, '1993-07-20', '16/6, Millers Rd, Kaverappa Layout, Vasanth Nagar, Bengaluru, Karnataka 560052', 'KMC', 'Nikhil Joshi', '../src/pages/assets/images/doctor-3.png', 'MD', 'Pediatrics', 'Nikhil.Joshi@columasia.co.in', '["Hindi", "English", "Marathi"]', "enabled");
insert into doctor (id, dob, hospital_address, hospital_name, name, profile_photo, qualification, specialization, email, languagues, status) values(7, '1995-12-30', 'Survey no 45/2, ward. 150, Marathahalli - Sarjapur Rd, opposite Iblur, Ambalipura, Bellandur, Bengaluru, Karnataka 560102', 'Columbia Asia', 'Dr. mike lit', '../src/pages/assets/images/doctor-2.png', 'MBBS', 'Urologist', 'mikelit@columasia.co.in', '["Hindi", "English", "Tamil"]', "enabled");
insert into doctor (id, dob, hospital_address, hospital_name, name, profile_photo, qualification, specialization, email, languagues, status) values(8, '2000-10-26', 'x-700, crazy street, near mining office, purena, amlidhi, Raipur, Chhattisgarh 492001', 'Columbia Asia', 'Dr. john cena', '../src/pages/assets/images/doctor-3.png', 'MD', 'Nephrologist', 'u.cant.c.me@columasia.co.in', '["Hindi", "English", "Sanskrit"]', "enabled");
insert into doctor (id, dob, hospital_address, hospital_name, name, profile_photo, qualification, specialization, email, languagues, status) values(9, '2001-05-05', '16/6, Millers Rd, Kaverappa Layout, Vasanth Nagar, Bengaluru, Karnataka 560052', 'KMC', 'Dr. seedhe maut', '../src/pages/assets/images/doctor-3.png', 'MBBS', 'Orthodontist', 'seedhe.maut@columasia.co.in', '["Hindi", "English", "Telugu"]', "enabled");
insert into doctor (id, dob, hospital_address, hospital_name, name, profile_photo, qualification, specialization, email, languagues, status) values(10, '2000-05-21', '16/6, Millers Rd, Kaverappa Layout, Vasanth Nagar, Bengaluru, Karnataka 560052', 'KMC', 'Dr. life sober', '../src/pages/assets/images/doctor-3.png', 'MD', 'Oncologist', 'life.sober@columasia.co.in', '["Hindi", "English", "Tamil"]', "enabled");
insert into doctor (id, dob, hospital_address, hospital_name, name, profile_photo, qualification, specialization, email, languagues, status) values(11, '2001-05-05', '16/6, Millers Rd, Kaverappa Layout, Vasanth Nagar, Bengaluru, Karnataka 560052', 'KMC', 'Dr. Dre', '../src/pages/assets/images/doctor-3.png', 'MBBS', 'Orthodontist', 'dre@columasia.co.in', '["Hindi", "English", "Dogri"]', "enabled");
insert into doctor (id, dob, hospital_address, hospital_name, name, profile_photo, qualification, specialization, email, languagues, status) values(12, '2000-05-21', '16/6, Millers Rd, Kaverappa Layout, Vasanth Nagar, Bengaluru, Karnataka 560052', 'KMC', 'Dr. Hook', '../src/pages/assets/images/doctor-3.png', 'MD', 'Oncologist', 'hook@columasia.co.in', '["Hindi", "English", "Dogri"]', "enabled");
insert into doctor (id, dob, hospital_address, hospital_name, name, profile_photo, qualification, specialization, email, languagues, status) values(13, '2000-05-01', '16/6, Millers Rd, Kaverappa Layout, Vasanth Nagar, Bengaluru, Karnataka 560052', 'KMC', 'Dr. yukta peda', '../src/pages/assets/images/doctor-3.png', 'MD', 'Anesthesiologist', 'peda.Zala@columasia.co.in', '["Hindi", "English", "Telugu"]', "enabled");
insert into doctor (id, dob, hospital_address, hospital_name, name, profile_photo, qualification, specialization, email, languagues, status) values(14, '1999-01-23', '16/6, Millers Rd, Kaverappa Layout, Vasanth Nagar, Bengaluru, Karnataka 560052', 'KMC', 'Dr. Hemlata Kumari', '../src/pages/assets/images/doctor-1.png', 'MD', 'Radiologist', 'HemlataKumari@kmc.co.in', '["Hindi", "English", "Telugu"]', "enabled");


insert into counsellor values(1);
insert into counsellor values(2);
insert into counsellor values(3);
insert into counsellor values(4);
insert into counsellor values(13);
insert into counsellor values(14);
insert into counsellor values(7);
insert into counsellor values(8);
insert into counsellor values(9);
insert into counsellor values(10);
insert into counsellor values(11);
insert into counsellor values(12);

insert into senior_dr values(5);
insert into senior_dr values(6);


insert into patient (id, allergies, blood_group, dob, languague, location, major_issues, minor_issues, name, ph_no, state) values(1, 'nil', 'AB-', '23 Jan 1952', 'English', 'Bengaluru', 'Heart related issues', 'Blood Pressure, Cholestrol', 'Donald Trump', '7019273903', 'Karnataka');
insert into patient (id, allergies, blood_group, dob, languague, location, major_issues, minor_issues, name, ph_no, state) values(2, 'nil', 'O-', '23 Jan 1949', 'English', 'Mumbai', 'Neurological Disorders', 'Blood Pressure', 'Joe Biden', '9845323134', 'Maharashtra');
insert into patient (id, allergies, blood_group, dob, languague, location, major_issues, minor_issues, name, ph_no, state) values(3, 'Nut Allergy, Dust Allergy', 'O+', '19 May 1981', 'English', 'Hyderabad', 'nil', 'Blood Pressure', 'Vivek Ramaswamy', '9738523214', 'Telangana');
insert into patient (id, allergies, blood_group, dob, languague, location, major_issues, minor_issues, name, ph_no, state) values(4, 'Nut Allergy, Dust Allergy', 'O+', '01 Aug 1972', 'English', 'Kolkata', 'Mental Health Disorders', 'Blood Pressure', 'Barack Obama', '9743657687', 'West Bengal');


insert into callback (id, followup_reason, schedule, counsellor_id, status, patient_id) values(1, "Followup callback to see how the patient is responding to the treatment", '2024-04-30 12:00:00.000000', 1, "complete", 1);
insert into callback (id, followup_reason, schedule, counsellor_id, status, patient_id) values(2, "Followup callback to see how the patient is responding to the prescribed medicine", '2024-10-01 12:00:00.000000', 2, "missed",2);
insert into callback (id, followup_reason, schedule, counsellor_id, status, patient_id) values(3, "Followup callback for the patients routine checkup.", '2024-04-15 12:00:00.000000', 3, "scheduled",3);
insert into callback (id, followup_reason, schedule, counsellor_id, status, patient_id) values(4, "Followup callback to see how the patient is responding to change in treatment", '2024-05-01 12:00:00.000000', 4, "complete",4);


insert into call_history(id, call_end, call_start, counsellor_id, patient_id, status) values(1, '2024-04-01 12:00:00.000000', '2024-04-01 11:30:00.000000', 1, 1,"complete");
insert into call_history(id, call_end, call_start, counsellor_id, patient_id, status) values(2, '2024-04-02 11:30:00.000000', '2024-04-01 10:30:00.000000', 2, 2, "missed");
insert into call_history(id, call_end, call_start, counsellor_id, patient_id, status) values(3, '2024-04-03 14:30:00.000000', '2024-04-01 14:00:00.000000', 3, 3, "complete");
insert into call_history(id, call_end, call_start, counsellor_id, patient_id, status) values(4, '2024-04-04 17:00:00.000000', '2024-04-01 16:40:00.000000', 4, 4, "missed");


insert into patient_history (id, audio_recording, consent, created, prescription, summanry, symptoms, patient_id) values(1, '../src/pages/assets/recordings/recording-1.mp4', 1,  '2024-04-01 11:30:00.000000', 'Beta Blockers - Metoprolol : 1 time every day for a month','The patient reported his first experience of chest discomfort. Although, it is too late to tell what caused this exactly, I have prescribed him Beta-blockers to do away with the pain for the time being.','Chest discomfort or pain that may feel like pressure, squeezing, fullness, or tightness.', 1);
insert into patient_history (id, audio_recording, consent, created, prescription, summanry, symptoms, patient_id) values(2, '../src/pages/assets/recordings/recording-2.mp4', 1,  '2024-04-02 10:30:00.000000', 'Dopamine agonists - Pramipexole : 1 time every day for 6 months, COMT inhibitors - Entacapone : 2 times a day every day for 6 months','The patient is showing early signs of Parkinsons Disease. Suggested COMT inhibitors to manage the motor symptoms and Dopamine agonists to do away with the pain. Will monitor patient condition over the course of 6 months','Tremors, stiffness, bradykinesia (slowness of movement), postural instability, difficulty with balance and coordination.', 2);
insert into patient_history (id, audio_recording, consent, created, prescription, summanry, symptoms, patient_id) values(3, '../src/pages/assets/recordings/recording-3.mp4', 1,  '2024-04-03 14:00:00.000000', 'nil','Patient is experiencing severe tooth pain and we are now proceeding for a root canal treatment','Patient has lost a tooth', 3);
insert into patient_history (id, audio_recording, consent, created, prescription, summanry, symptoms, patient_id) values(4, '../src/pages/assets/recordings/recording-4.mp4', 0,  '2024-04-03 16:40:00.000000', 'Benzodiazepines : 2 times a day for 1 month, Selective serotonin reuptake inhibitors (SSRIs) - Escitalopram : 2 times a day for 1 month','Patient is experiencing severe degree of anxiety disorder based symptoms and has been ordered to take the prescribed treatment to provide short term relief and several other hormone uptake inhibhitors.','Excessive worry or fear, restlessness, irritability, muscle tension, difficulty concentrating, sleep disturbances, panic attacks (sudden onset of intense fear or discomfort).', 4);


insert into users (id, enable, name, password, role, username) values (1, 1, 'Hemant Kumar', 'hemant', 6, 'hemant');
insert into users (id, enable, name, password, role, username) values (2, 1, 'Gururaj Otageri', 'guru', 4, 'guru');
insert into users (id, enable, name, password, role, username) values (3, 1, 'Somesh Awasthi', 'somesh', 7, 'somesh');
insert into users (id, enable, name, password, role, username) values (4, 1, 'Karndevsinh Zala', 'karnadevsinh', 4, 'karn');
insert into users (id, enable, name, password, role, username) values (5, 1, 'Varun Shetty', 'varun', 6, 'varun');
insert into users (id, enable, name, password, role, username) values (6, 1, 'Nikhil Joshi', 'nikhil', 6, 'Nikhil');
insert into users (id, enable, name, password, role, username) values (7, 1, 'Someone', 'admin', 7, 'admin@drvolte');